source1_entity_id,match_count
S1-789788578,100
S1-852712186,100
S1-731704475,100
S1-882391126,100
S1-538069414,100
S1-728674227,100
S1-938544006,100
S1-987291041,100
S1-166233222,100
S1-702231456,100
S1-110400802,100
S1-409792081,100
S1-501574470,100
S1-188837472,100
S1-327432769,100
S1-909655343,100
S1-815844129,100
S1-372749880,100
S1-673543420,100
S1-707065163,100
S1-480268420,100
S1-940204124,100
S1-523318087,100
S1-306162153,100
S1-672664621,100
S1-506731919,100
S1-561643860,100
S1-440388556,100
S1-153436668,100
S1-764259796,100
S1-656078732,100
S1-205644594,100
S1-515931449,100
S1-471925598,100
S1-501640760,100
S1-945682219,100
S1-287746139,100
S1-710915849,100
S1-954468034,100
S1-942079856,100
S1-619285436,100
S1-226496532,100
S1-751126395,100
S1-986848285,100
S1-31242157,100
S1-8615094,100
S1-681203711,100
S1-990345977,100
S1-364943131,100
S1-958266553,100
S1-131208912,100
S1-432241931,100
S1-189880977,100
S1-409710130,100
S1-892537763,100
S1-643313092,100
S1-142203689,100
S1-938993337,100
S1-117961426,100
S1-216251530,100
S1-833784812,100
S1-464247719,100
S1-580036262,100
S1-158932871,100
S1-978792638,100
S1-66342508,100
S1-89962035,100
S1-797631746,100
S1-985792185,100
S1-889488497,100
S1-943766310,100
S1-848171223,100
S1-302992935,100
S1-167048427,100
S1-44519571,100
S1-468612105,100
S1-352145174,100
S1-939383288,100
S1-501142411,100
S1-282268323,100
S1-480424284,100
S1-337295814,100
S1-641880623,100
S1-867146126,100
S1-458804628,100
S1-903154579,100
S1-718593074,100
S1-281047069,100
S1-555095007,100
S1-657782872,100
S1-420884811,100
S1-679992991,100
S1-905448859,100
S1-627158440,100
S1-386740988,100
S1-53241928,100
S1-918508295,100
S1-812171557,100
S1-120646991,100
S1-633469662,100
S1-594703812,100
S1-189165558,100
S1-205672166,100
S1-840922751,100
S1-12220814,100
S1-654884957,100
S1-960287668,100
S1-766862069,100
S1-888417373,100
S1-679347930,100
S1-910758449,100
S1-859002855,100
S1-195182176,100
S1-144511489,100
S1-159500484,100
S1-142506713,100
S1-676271895,100
S1-157839593,100
S1-280091844,100
S1-369417945,100
S1-173002369,100
S1-25431891,100
S1-653366163,100
S1-557427478,100
S1-229853471,100
S1-16835759,100
S1-501390463,100
S1-360330423,100
S1-75322936,100
S1-615581096,100
S1-592584933,100
S1-537971030,100
S1-225719226,100
S1-554175546,100
S1-356032155,100
S1-756140768,100
S1-368238345,100
S1-555086010,100
S1-350906784,100
S1-720487997,100
S1-925327685,100
S1-654213612,100
S1-608458794,100
S1-726383723,100
S1-446797658,100
S1-228188284,100
S1-699031593,100
S1-888191351,100
S1-214186218,100
S1-589727336,100
S1-62760103,100
S1-295354857,100
S1-828160064,100
S1-200438943,100
S1-1065515,100
S1-885615616,100
S1-606993205,100
S1-627145265,100
S1-356715656,100
S1-253147672,100
S1-655536527,100
S1-961325441,100
S1-592158904,100
S1-707082261,100
S1-359270483,100
S1-319085259,100
S1-282099903,100
S1-860712629,100
S1-997276201,100
S1-719480333,100
S1-759502324,100
S1-765505648,100
S1-495047698,100
S1-204991571,100
S1-443787038,100
S1-179880590,100
S1-336431929,100
S1-54512568,100
S1-455449198,100
S1-553062178,100
S1-490059546,100
S1-767389257,100
S1-286526280,100
S1-616654086,100
S1-659239187,100
S1-312622659,100
S1-579135273,100
S1-37618968,100
S1-301163271,100
S1-547183636,100
S1-846574372,100
S1-557690474,100
S1-967094226,100
S1-364393898,100
S1-450748665,100
S1-606169655,100
S1-316015795,100
S1-563017898,100
S1-319020701,100
S1-655228611,100
S1-920944314,100
S1-154387780,100
S1-887025195,100
S1-889152786,100
S1-283987014,100
S1-338283054,100
S1-190838865,100
S1-959212258,100
S1-493024165,100
S1-111741480,100
S1-725610121,100
S1-408393810,100
S1-720703929,100
S1-123211093,100
S1-32839684,100
S1-954814870,100
S1-764208243,100
S1-805693335,100
S1-435600653,100
S1-843326864,100
S1-641669821,100
S1-662815359,100
S1-835037085,100
S1-40890405,100
S1-713821419,100
S1-970748669,100
S1-121097799,100
S1-899086628,100
S1-970146156,100
S1-651824281,100
S1-873091567,100
S1-73950064,100
S1-873840688,100
S1-785029187,100
S1-278254137,100
S1-847636311,100
S1-476213133,100
S1-482225757,100
S1-66568469,100
S1-949410297,100
S1-101816564,100
S1-651119005,100
S1-918079136,100
S1-792233340,100
S1-453202273,100
S1-25401012,100
S1-715103482,100
S1-105921907,100
S1-483252772,100
S1-228399535,100
S1-973154922,100
S1-668800909,100
S1-825404207,100
S1-345194225,100
S1-380473116,100
S1-351928112,100
S1-977231131,100
S1-242340113,100
S1-913328837,100
S1-509798665,100
S1-22274199,100
S1-399159858,100
S1-286016808,100
S1-960843982,100
S1-858081283,100
S1-987055728,100
S1-927125182,100
S1-683624988,100
S1-83813414,100
S1-84517437,100
S1-703527638,100
S1-670394693,100
S1-348773414,100
S1-975423784,100
S1-695587956,100
S1-781056313,100
S1-528712977,100
S1-754588975,100
S1-715574865,100
S1-438924496,100
S1-479646935,100
S1-494445505,100
S1-689129292,100
S1-980297817,100
S1-313394025,100
S1-19479113,100
S1-200473128,100
S1-571593676,100
S1-871661788,100
S1-690489663,100
S1-563541267,100
S1-691848552,100
S1-488905872,100
S1-687527834,100
S1-484061100,100
S1-616754334,100
S1-757010767,100
S1-349550303,100
S1-305342086,100
S1-686789547,100
S1-628689195,100
S1-94883128,100
S1-139233842,100
S1-730071526,100
S1-669243202,100
S1-923270434,100
S1-429880160,100
S1-494463774,100
S1-275660331,100
S1-516400618,100
S1-630667665,100
S1-748020215,100
S1-145589169,100
S1-417602054,100
S1-430329621,100
S1-349147365,100
S1-850493640,100
S1-744019157,100
S1-753406401,100
S1-200255035,100
S1-919394436,100
S1-106805574,100
S1-695111781,100
S1-831248173,100
S1-210264887,100
S1-828296024,100
S1-727778006,100
S1-357384978,100
S1-614591469,100
S1-914359984,100
S1-535140213,100
S1-866492496,100
S1-644865245,100
S1-132530618,100
S1-441319848,100
S1-600326698,100
S1-845928192,100
S1-248524256,100
S1-332069122,100
S1-146812630,100
S1-210444680,100
S1-460149430,100
S1-159867204,100
S1-138025480,100
S1-539549329,100
S1-485003903,100
S1-70965910,100
S1-203501365,100
S1-535067579,100
S1-661709958,100
S1-133570035,100
S1-582350791,100
S1-846561897,100
S1-758057134,100
S1-412593576,100
S1-953605616,100
S1-815327189,100
S1-217773910,100
S1-812295476,100
S1-658279022,100
S1-747334816,100
S1-811649129,100
S1-305189637,100
S1-964224553,100
S1-705567004,100
S1-917971777,100
S1-464817192,100
S1-308806619,100
S1-642213962,100
S1-550931058,100
S1-958014635,100
S1-671044296,100
S1-778118066,100
S1-932184190,100
S1-931202376,100
S1-572356261,100
S1-873686356,100
S1-313635658,100
S1-663016563,100
S1-404017208,100
S1-183397628,100
S1-215262110,100
S1-995238462,100
S1-158446687,100
S1-840311685,100
S1-778741406,100
S1-386978390,100
S1-924576321,100
S1-864758728,100
S1-589698084,100
S1-775016221,100
S1-535979178,100
S1-17545790,100
S1-762789675,100
S1-776393827,100
S1-96682111,100
S1-538219868,100
S1-141360043,100
S1-639113271,100
S1-648767421,100
S1-619937853,100
S1-382455898,100
S1-979315623,100
S1-955719683,100
S1-995378435,100
S1-708772493,100
S1-494112305,100
S1-221809499,100
S1-497772936,100
S1-296191007,100
S1-947715002,100
S1-291673578,100
S1-30559715,100
S1-427853647,100
